Publication_year,Research_group_UPC,ID_article
"(2009, 2012]",COSDA-UPC - COmpositional and Spatial Data Analysis,188
"(2012, 2015]",COSDA-UPC - COmpositional and Spatial Data Analysis,179
"(2018, 2021]",SAC - Sistemes Avancats de Control,141
"(2015, 2018]",SAC - Sistemes Avancats de Control,139
"(2012, 2015]",ACM - Analisis Critiques de la Modernitat: Arquitectura i Ciutat,125
"(2015, 2018]",CTE-CRAE - Grup de Recerca en Ciencies i Tecnologies de l'Espai,123
"(2009, 2012]",ACM - Analisis Critiques de la Modernitat: Arquitectura i Ciutat,122
"(2018, 2021]",IMEM-BRT- Innovation in Materials and Molecular Engineering - Biomaterials for Regenerative Therapies,122
"(2018, 2021]",NEMEN - Nanoenginyeria de materials aplicats a l'energia,121
"(2018, 2021]",LACAN - Metodes Numerics en Ciencies Aplicades i Enginyeria,120
"(2012, 2015]",ATEM - Analisi i Tecnologia d'Estructures i Materials,114
"(2015, 2018]",ATEM - Analisi i Tecnologia d'Estructures i Materials,110
"(2012, 2015]",IMEM-BRT- Innovation in Materials and Molecular Engineering - Biomaterials for Regenerative Therapies,109
"(2009, 2012]",IMEM-BRT- Innovation in Materials and Molecular Engineering - Biomaterials for Regenerative Therapies,109
"(2018, 2021]","BBT - Biomaterials, Biomecanica i Enginyeria de Teixits",107
"(2015, 2018]",IMEM-BRT- Innovation in Materials and Molecular Engineering - Biomaterials for Regenerative Therapies,106
"(2018, 2021]",R2EM - Resource Recovery and Environmental Management,106
"(2012, 2015]",LACAN - Metodes Numerics en Ciencies Aplicades i Enginyeria,106
"(2018, 2021]",ACM - Analisis Critiques de la Modernitat: Arquitectura i Ciutat,105
"(2015, 2018]",RSLAB - Grup de Recerca en Teledeteccio,105
"(2012, 2015]",RSLAB - Grup de Recerca en Teledeteccio,103
"(2015, 2018]",R2EM - Resource Recovery and Environmental Management,103
"(2018, 2021]",MSR - Mecanica del Sols i de les Roques,103
"(2018, 2021]",GRBIO - Grup de Recerca en Bioestadistica i Bioinformatica,103
"(2018, 2021]",CTE-CRAE - Grup de Recerca en Ciencies i Tecnologies de l'Espai,102
"(2018, 2021]",EC - Enginyeria de la Construccio,101
"(2018, 2021]",ATEM - Analisi i Tecnologia d'Estructures i Materials,100
"(2009, 2012]",IMP - Information Modeling and Processing,100
"(2009, 2012]",CTE-CRAE - Grup de Recerca en Ciencies i Tecnologies de l'Espai,99
"(2015, 2018]",RMEE - Grup  de Resistencia de Materials i Estructures en l'Enginyeria,98
"(2018, 2021]",RSLAB - Grup de Recerca en Teledeteccio,97
"(2012, 2015]","BBT - Biomaterials, Biomecanica i Enginyeria de Teixits",96
"(2018, 2021]",GCM - Grup de Caracteritzacio de Materials,96
"(2015, 2018]","BBT - Biomaterials, Biomecanica i Enginyeria de Teixits",94
"(2015, 2018]",NEMEN - Nanoenginyeria de materials aplicats a l'energia,94
"(2018, 2021]",LIM/UPC - Laboratori d'Enginyeria Maritima,94
"(2018, 2021]",CITCEA - Centre d'Innovacio Tecnologica en Convertidors Estatics i Accionaments,92
"(2009, 2012]",SD - Sistemes Dinamics de la UPC,92
"(2015, 2018]",EC - Enginyeria de la Construccio,90
"(2015, 2018]",GHS - Grup d'Hidrologia Subterrania,90
"(2009, 2012]",RSLAB - Grup de Recerca en Teledeteccio,90
"(2012, 2015]",IMP - Information Modeling and Processing,89
"(2015, 2018]",GCM - Grup de Caracteritzacio de Materials,87
"(2012, 2015]",R2EM - Resource Recovery and Environmental Management,86
"(2012, 2015]",NEMEN - Nanoenginyeria de materials aplicats a l'energia,85
"(2012, 2015]",CTE-CRAE - Grup de Recerca en Ciencies i Tecnologies de l'Espai,85
"(2009, 2012]","CIEFMA - Centre d'Integritat Estructural, Fiabilitat i Micromecanica dels Materials",84
"(2012, 2015]","CoDAlab - Control, Modelitzacio, Identificacio i Aplicacions",84
"(2018, 2021]",GREMS - Grup de Recerca en Mineria Sostenible,84
"(2018, 2021]",PSEP - Polimers Sintetics: Estructura i Propietats. Polimers Biodegradables,84
"(2018, 2021]",PROCOMAME - Processos de Conformacio de Materials Metal?lics,83
"(2015, 2018]",ACM - Analisis Critiques de la Modernitat: Arquitectura i Ciutat,83
"(2015, 2018]",GRBIO - Grup de Recerca en Bioestadistica i Bioinformatica,82
"(2015, 2018]",LIM/UPC - Laboratori d'Enginyeria Maritima,82
"(2018, 2021]",RMEE - Grup  de Resistencia de Materials i Estructures en l'Enginyeria,81
"(2015, 2018]",SIMCON - First-principles approaches to condensed matter physics: quantum effects and complexity,80
"(2012, 2015]","DONLL - Dinamica no Lineal, Optica no Lineal i Lasers",79
"(2015, 2018]",COSDA-UPC - COmpositional and Spatial Data Analysis,79
"(2018, 2021]",SIMCON - First-principles approaches to condensed matter physics: quantum effects and complexity,79
"(2018, 2021]","CIEFMA - Centre d'Integritat Estructural, Fiabilitat i Micromecanica dels Materials",79
"(2009, 2012]","BBT - Biomaterials, Biomecanica i Enginyeria de Teixits",79
"(2012, 2015]",GHS - Grup d'Hidrologia Subterrania,78
"(2015, 2018]",LACAN - Metodes Numerics en Ciencies Aplicades i Enginyeria,78
"(2009, 2012]",SIMCON - First-principles approaches to condensed matter physics: quantum effects and complexity,78
"(2009, 2012]",R2EM - Resource Recovery and Environmental Management,78
"(2018, 2021]","CoDAlab - Control, Modelitzacio, Identificacio i Aplicacions",78
"(2012, 2015]",GMNE - Grup de Metodes Numerics en Enginyeria,77
"(2015, 2018]","CIEFMA - Centre d'Integritat Estructural, Fiabilitat i Micromecanica dels Materials",77
"(2015, 2018]",CAP - Grup de Computacio d'Altes Prestacions,76
"(2012, 2015]",MNT - Grup de Recerca en Micro i Nanotecnologies,75
"(2009, 2012]",ATEM - Analisi i Tecnologia d'Estructures i Materials,75
"(2012, 2015]",PSEP - Polimers Sintetics: Estructura i Propietats. Polimers Biodegradables,75
"(2012, 2015]","CIEFMA - Centre d'Integritat Estructural, Fiabilitat i Micromecanica dels Materials",75
"(2009, 2012]",LACAN - Metodes Numerics en Ciencies Aplicades i Enginyeria,74
"(2015, 2018]","CoDAlab - Control, Modelitzacio, Identificacio i Aplicacions",74
"(2009, 2012]","GAPCOMB - Geometric, Algebraic and Probabilistic Combinatorics",73
"(2015, 2018]",MNT - Grup de Recerca en Micro i Nanotecnologies,73
"(2015, 2018]",MSR - Mecanica del Sols i de les Roques,73
"(2009, 2012]",CAP - Grup de Computacio d'Altes Prestacions,73
"(2018, 2021]",CAP - Grup de Computacio d'Altes Prestacions,72
"(2018, 2021]",MCIA - Motion Control and Industrial Applications Research Group,72
"(2012, 2015]",EC - Enginyeria de la Construccio,72
"(2015, 2018]",SD - Sistemes Dinamics de la UPC,72
"(2018, 2021]","DONLL - Dinamica no Lineal, Optica no Lineal i Lasers",71
"(2009, 2012]",FOTONICA - Grup de Recerca de Fotonica,71
"(2015, 2018]",PSEP - Polimers Sintetics: Estructura i Propietats. Polimers Biodegradables,71
"(2009, 2012]",GCM - Grup de Caracteritzacio de Materials,71
"(2018, 2021]",SD - Sistemes Dinamics de la UPC,71
"(2009, 2012]","DONLL - Dinamica no Lineal, Optica no Lineal i Lasers",71
"(2012, 2015]",SAC - Sistemes Avancats de Control,71
"(2015, 2018]",IMP - Information Modeling and Processing,70
"(2015, 2018]","DONLL - Dinamica no Lineal, Optica no Lineal i Lasers",70
"(2009, 2012]",MSR - Mecanica del Sols i de les Roques,69
"(2012, 2015]",SD - Sistemes Dinamics de la UPC,69
"(2018, 2021]",REMM - Recerca en Estructures i Mecanica de Materials,69
"(2012, 2015]",GCM - Grup de Caracteritzacio de Materials,69
"(2018, 2021]",COSDA-UPC - COmpositional and Spatial Data Analysis,68
"(2018, 2021]",GHS - Grup d'Hidrologia Subterrania,68
"(2012, 2015]",SIMCON - First-principles approaches to condensed matter physics: quantum effects and complexity,67
"(2018, 2021]",GRIC - Grup de Recerca i Innovacio de la Construccio,67
"(2012, 2015]",SARTI-MAR - Sistemes d'Adquisicio Remota de dades i Tractament de la Informacio en el Medi Mari,66
"(2018, 2021]",GEOMVAP - Geometria de Varietats i Aplicacions,66
"(2018, 2021]",TECNOFAB - Grup de Recerca en Tecnologies de Fabricacio,65
"(2015, 2018]",MCIA - Motion Control and Industrial Applications Research Group,64
"(2012, 2015]",RMEE - Grup  de Resistencia de Materials i Estructures en l'Enginyeria,64
"(2012, 2015]","GAPCOMB - Geometric, Algebraic and Probabilistic Combinatorics",63
"(2015, 2018]","GAPCOMB - Geometric, Algebraic and Probabilistic Combinatorics",63
"(2009, 2012]","COMBGRAPH - Combinatoria, Teoria de Grafs i Aplicacions",63
"(2009, 2012]",EC - Enginyeria de la Construccio,63
"(2015, 2018]",CITCEA - Centre d'Innovacio Tecnologica en Convertidors Estatics i Accionaments,63
"(2009, 2012]","ALBCOM - Algorismia, Bioinformatica, Complexitat i Metodes Formals",63
"(2009, 2012]",GHS - Grup d'Hidrologia Subterrania,63
"(2012, 2015]",MSR - Mecanica del Sols i de les Roques,62
"(2012, 2015]",ANT - Advanced Nuclear Technologies Research Group,62
"(2012, 2015]","COMBGRAPH - Combinatoria, Teoria de Grafs i Aplicacions",62
"(2012, 2015]",BIOCOM-SC - Grup de Biologia Computacional i Sistemes Complexos,61
"(2015, 2018]",GMNE - Grup de Metodes Numerics en Enginyeria,61
"(2018, 2021]",GEMMA - Grup d'Enginyeria i Microbiologia del Medi Ambient,61
"(2015, 2018]",PROCOMAME - Processos de Conformacio de Materials Metal?lics,61
"(2009, 2012]",RMEE - Grup  de Resistencia de Materials i Estructures en l'Enginyeria,60
"(2012, 2015]",CITCEA - Centre d'Innovacio Tecnologica en Convertidors Estatics i Accionaments,60
"(2009, 2012]",LIM/UPC - Laboratori d'Enginyeria Maritima,60
"(2018, 2021]",POLQUITEX - Materials Polimerics i Quimica Textil,60
"(2015, 2018]",GEOMVAP - Geometria de Varietats i Aplicacions,60
"(2009, 2012]",CITCEA - Centre d'Innovacio Tecnologica en Convertidors Estatics i Accionaments,59
"(2018, 2021]",MNT - Grup de Recerca en Micro i Nanotecnologies,59
"(2012, 2015]",GCO - Grup de Comunicacions Optiques,59
"(2012, 2015]","LARCA - Laboratori d'Algorismia Relacional, Complexitat i Aprenentatge",58
"(2009, 2012]",GEOMVAP - Geometria de Varietats i Aplicacions,58
"(2015, 2018]",GCO - Grup de Comunicacions Optiques,58
"(2018, 2021]",IMP - Information Modeling and Processing,58
"(2015, 2018]",BIOCOM-SC - Grup de Biologia Computacional i Sistemes Complexos,58
"(2009, 2012]",GOAPI - Grup d'Optica Aplicada i Processament d'Imatge,58
"(2009, 2012]",GMNE - Grup de Metodes Numerics en Enginyeria,58
"(2018, 2021]",BIOCOM-SC - Grup de Biologia Computacional i Sistemes Complexos,57
"(2009, 2012]",SCOM - Supply Chain and Operations Management,57
"(2009, 2012]","CoDAlab - Control, Modelitzacio, Identificacio i Aplicacions",57
"(2009, 2012]",NEMEN - Nanoenginyeria de materials aplicats a l'energia,57
"(2012, 2015]",DF - Dinamica de Fluids: formacio d'estructures i aplicacions geofisiques,57
"(2009, 2012]",SAC - Sistemes Avancats de Control,56
"(2012, 2015]","ALBCOM - Algorismia, Bioinformatica, Complexitat i Metodes Formals",55
"(2018, 2021]",GRAA - Grup de Recerca en Analisi Aplicada,55
"(2009, 2012]",ANT - Advanced Nuclear Technologies Research Group,55
"(2012, 2015]",GRBIO - Grup de Recerca en Bioestadistica i Bioinformatica,55
"(2015, 2018]",GREMS - Grup de Recerca en Mineria Sostenible,55
"(2018, 2021]",BIT - Barcelona Innovative Transportation,55
"(2018, 2021]","ALBCOM - Algorismia, Bioinformatica, Complexitat i Metodes Formals",54
"(2012, 2015]",CAP - Grup de Computacio d'Altes Prestacions,54
"(2009, 2012]",BIOCOM-SC - Grup de Biologia Computacional i Sistemes Complexos,54
"(2015, 2018]",GRIC - Grup de Recerca i Innovacio de la Construccio,53
"(2018, 2021]",GCO - Grup de Comunicacions Optiques,53
"(2015, 2018]",GICITED - Grup Interdiciplinari de Ciencia i Tecnologia en l'Edificacio,52
"(2009, 2012]",CBA - Sistemes de Comunicacions i Arquitectures de Banda Ampla,52
"(2009, 2012]",CELBIOTECH - Grup de Recerca: Enginyeria Paperera,52
"(2015, 2018]",GEMMA - Grup d'Enginyeria i Microbiologia del Medi Ambient,52
"(2012, 2015]",CTTC - Centre Tecnologic de la Transferencia de Calor,51
"(2015, 2018]","ALBCOM - Algorismia, Bioinformatica, Complexitat i Metodes Formals",51
"(2009, 2012]",GRBIO - Grup de Recerca en Bioestadistica i Bioinformatica,51
"(2012, 2015]",GEOMVAP - Geometria de Varietats i Aplicacions,50
"(2018, 2021]",GMNE - Grup de Metodes Numerics en Enginyeria,50
"(2012, 2015]",BCN SEER - Barcelona Science and Engineering Education Research Group,50
"(2012, 2015]",GBMI - Grup de Biotecnologia Molecular i Industrial,50
"(2009, 2012]",POLY2 - Polyfunctional polymeric materials,50
"(2009, 2012]",GCO - Grup de Comunicacions Optiques,50
"(2018, 2021]",POLY2 - Polyfunctional polymeric materials,49
"(2009, 2012]",ACES - Control Avancat de Sistemes d'Energia,49
"(2012, 2015]",LIM/UPC - Laboratori d'Enginyeria Maritima,49
"(2009, 2012]",SARTI-MAR - Sistemes d'Adquisicio Remota de dades i Tractament de la Informacio en el Medi Mari,49
"(2018, 2021]",ANT - Advanced Nuclear Technologies Research Group,49
"(2012, 2015]",GICITED - Grup Interdiciplinari de Ciencia i Tecnologia en l'Edificacio,49
"(2018, 2021]",GReCEF- Grup de Recerca en Ciencia i Enginyeria de Fluids,49
"(2015, 2018]",BCN SEER - Barcelona Science and Engineering Education Research Group,49
"(2018, 2021]",GICITED - Grup Interdiciplinari de Ciencia i Tecnologia en l'Edificacio,49
"(2018, 2021]",CREDA - Centre de Recerca en Economia i Desenvolupament Agroalimentari,48
"(2009, 2012]",GBMI - Grup de Biotecnologia Molecular i Industrial,48
"(2015, 2018]","LARCA - Laboratori d'Algorismia Relacional, Complexitat i Aprenentatge",48
"(2015, 2018]",EPIC - Energy Processing and Integrated Circuits,48
"(2015, 2018]",GBMI - Grup de Biotecnologia Molecular i Industrial,48
"(2009, 2012]",TN - Grup de Recerca en Teoria de Nombres,47
"(2012, 2015]",GAT - Grup d'Arquitectura i Tecnologia,47
"(2012, 2015]",GREMS - Grup de Recerca en Mineria Sostenible,47
"(2012, 2015]",IEB - Instrumentacio Electronica i Biomedica,46
"(2012, 2015]",SCOM - Supply Chain and Operations Management,46
"(2012, 2015]",TN - Grup de Recerca en Teoria de Nombres,46
"(2009, 2012]",TECTEX - Grup de Recerca en Tecnologia Textil,46
"(2018, 2021]",FLUMEN - Dinamica Fluvial i Enginyeria Hidrologica,46
"(2015, 2018]",POLTEPO - Polimers Termoestables Epoxidics,46
"(2015, 2018]",POLY2 - Polyfunctional polymeric materials,46
"(2015, 2018]",BIOART - BIOsignal Analysis for Rehabilitation and Therapy,46
"(2018, 2021]","inSSIDE - integrated Software, Service, Information and Data Engineering",46
"(2009, 2012]",GEMMA - Grup d'Enginyeria i Microbiologia del Medi Ambient,46
"(2009, 2012]",POLTEPO - Polimers Termoestables Epoxidics,46
"(2012, 2015]",MCIA - Motion Control and Industrial Applications Research Group,45
"(2015, 2018]",B2SLab - Bioinformatics and Biomedical Signals Laboratory,45
"(2009, 2012]",GICITED - Grup Interdiciplinari de Ciencia i Tecnologia en l'Edificacio,45
"(2012, 2015]",GRU - Grup de Recerca Urbanisme,45
"(2015, 2018]",EDP - Equacions en Derivades Parcials i Aplicacions,45
"(2015, 2018]","COMBGRAPH - Combinatoria, Teoria de Grafs i Aplicacions",45
"(2012, 2015]",FOTONICA - Grup de Recerca de Fotonica,45
"(2018, 2021]",WNG - Grup de xarxes sense fils,45
"(2015, 2018]",LAB - Laboratori d'Aplicacions Bioacustiques,45
"(2018, 2021]",EPIC - Energy Processing and Integrated Circuits,45
"(2015, 2018]",ROBiri - Grup de Robotica de l'IRI,44
"(2012, 2015]",CBA - Sistemes de Comunicacions i Arquitectures de Banda Ampla,44
"(2012, 2015]",B2SLab - Bioinformatics and Biomedical Signals Laboratory,44
"(2018, 2021]","GAPCOMB - Geometric, Algebraic and Probabilistic Combinatorics",44
"(2015, 2018]",TECNOFAB - Grup de Recerca en Tecnologies de Fabricacio,44
"(2018, 2021]",SCOM - Supply Chain and Operations Management,44
"(2012, 2015]",GEMMA - Grup d'Enginyeria i Microbiologia del Medi Ambient,44
"(2012, 2015]",EPIC - Energy Processing and Integrated Circuits,44
"(2018, 2021]",BCN SEER - Barcelona Science and Engineering Education Research Group,44
"(2012, 2015]",PROCOMAME - Processos de Conformacio de Materials Metal?lics,44
"(2012, 2015]",POLTEPO - Polimers Termoestables Epoxidics,44
"(2015, 2018]",GAT - Grup d'Arquitectura i Tecnologia,43
"(2015, 2018]",KEMLG - Grup d'Enginyeria del Coneixement i Aprenentatge Automatic,43
"(2015, 2018]",GREO - Grup de Recerca en Enginyeria Optica,42
"(2018, 2021]",CBA - Sistemes de Comunicacions i Arquitectures de Banda Ampla,42
"(2018, 2021]",GBMI - Grup de Biotecnologia Molecular i Industrial,42
"(2012, 2015]",CEPIMA - Center for Process and Environment Engineering,42
"(2018, 2021]",SIC - Sistemes Intel?ligents de Control,42
"(2015, 2018]",VIS - Visio Artificial i Sistemes Intel?ligents,42
"(2009, 2012]","AR.I.EN - Arquitectura, Industria i Enginyeria",42
"(2015, 2018]",ANT - Advanced Nuclear Technologies Research Group,42
"(2018, 2021]",ROBiri - Grup de Robotica de l'IRI,41
"(2015, 2018]",SCOM - Supply Chain and Operations Management,41
"(2018, 2021]",IEB - Instrumentacio Electronica i Biomedica,41
"(2009, 2012]",MNT - Grup de Recerca en Micro i Nanotecnologies,41
"(2009, 2012]",MAK - Matematica Aplicada a la Criptografia,41
"(2018, 2021]","LARCA - Laboratori d'Algorismia Relacional, Complexitat i Aprenentatge",41
"(2009, 2012]",CEPIMA - Center for Process and Environment Engineering,41
"(2012, 2015]",WiComTec - Grup de recerca en Tecnologies i Comunicacions Sense Fils,41
"(2012, 2015]",BIT - Barcelona Innovative Transportation,41
"(2018, 2021]",TECTEX - Grup de Recerca en Tecnologia Textil,40
"(2018, 2021]",CPSV - Centre de Politica de Sol i Valoracions,40
"(2009, 2012]",ENMA - Enginyeria del Medi Ambient,40
"(2012, 2015]",GRIC - Grup de Recerca i Innovacio de la Construccio,40
"(2015, 2018]",GRU - Grup de Recerca Urbanisme,40
"(2012, 2015]",VEU - Grup de Tractament de la Parla,40
"(2009, 2012]",PROCOMAME - Processos de Conformacio de Materials Metal?lics,39
"(2009, 2012]",PSEP - Polimers Sintetics: Estructura i Propietats. Polimers Biodegradables,39
"(2009, 2012]",POLQUITEX - Materials Polimerics i Quimica Textil,39
"(2015, 2018]",TECTEX - Grup de Recerca en Tecnologia Textil,39
"(2012, 2015]",ISSET - Integrated Smart Sensors and Health Technologies,39
"(2018, 2021]",GAT - Grup d'Arquitectura i Tecnologia,39
"(2015, 2018]",GRO - Grup de Recerca en Organitzacio,39
"(2015, 2018]",CTTC - Centre Tecnologic de la Transferencia de Calor,38
"(2018, 2021]",KEMLG - Grup d'Enginyeria del Coneixement i Aprenentatge Automatic,38
"(2015, 2018]","inSSIDE - integrated Software, Service, Information and Data Engineering",38
"(2018, 2021]","AIEM - Arquitectura, energia i medi ambient",38
"(2009, 2012]",MCIA - Motion Control and Industrial Applications Research Group,38
"(2015, 2018]",ISSET - Integrated Smart Sensors and Health Technologies,38
"(2018, 2021]","COMBGRAPH - Combinatoria, Teoria de Grafs i Aplicacions",38
"(2015, 2018]",IEB - Instrumentacio Electronica i Biomedica,38
"(2009, 2012]",BAMPLA - Disseny i Avaluacio de Xarxes i Serveis de Banda Ampla,38
"(2015, 2018]",VEU - Grup de Tractament de la Parla,37
"(2009, 2012]","ACC - Arquitectura, Ciutat i Cultura",37
"(2012, 2015]",GOAPI - Grup d'Optica Aplicada i Processament d'Imatge,37
"(2018, 2021]",SEPIC - Sistemes Electronics de Potencia i de Control,37
"(2009, 2012]",DF - Dinamica de Fluids: formacio d'estructures i aplicacions geofisiques,37
"(2009, 2012]",BCN SEER - Barcelona Science and Engineering Education Research Group,37
"(2009, 2012]",GAT - Grup d'Arquitectura i Tecnologia,37
"(2009, 2012]",GREMS - Grup de Recerca en Mineria Sostenible,37
"(2009, 2012]",CREDA - Centre de Recerca en Economia i Desenvolupament Agroalimentari,36
"(2015, 2018]",ACES - Control Avancat de Sistemes d'Energia,36
"(2012, 2015]",ENMA - Enginyeria del Medi Ambient,36
"(2015, 2018]",SEPIC - Sistemes Electronics de Potencia i de Control,36
"(2009, 2012]",ADBD - Analisi de Dades Complexes per a les Decisions Empresarials,36
"(2018, 2021]",DF - Dinamica de Fluids: formacio d'estructures i aplicacions geofisiques,36
"(2009, 2012]",DRM - Dosimetria i Radiofisica Medica,36
"(2009, 2012]",CPSV - Centre de Politica de Sol i Valoracions,36
"(2018, 2021]",POLTEPO - Polimers Termoestables Epoxidics,35
"(2012, 2015]",GREO - Grup de Recerca en Enginyeria Optica,35
"(2012, 2015]",ADBD - Analisi de Dades Complexes per a les Decisions Empresarials,35
"(2015, 2018]",BIT - Barcelona Innovative Transportation,35
"(2018, 2021]",GOAPI - Grup d'Optica Aplicada i Processament d'Imatge,35
"(2015, 2018]",CEPIMA - Center for Process and Environment Engineering,35
"(2018, 2021]",VEU - Grup de Tractament de la Parla,35
"(2018, 2021]",DRM - Dosimetria i Radiofisica Medica,35
"(2012, 2015]",DRM - Dosimetria i Radiofisica Medica,35
"(2012, 2015]",POLY2 - Polyfunctional polymeric materials,35
"(2018, 2021]",SEER - Sistemes Electrics d'Energia Renovable,34
"(2015, 2018]",CBA - Sistemes de Comunicacions i Arquitectures de Banda Ampla,34
"(2012, 2015]",FORM+ - Grup de recerca FORM+,34
"(2018, 2021]",CRESCA - Centre de Recerca en Seguretat i Control Alimentari,34
"(2018, 2021]",EDP - Equacions en Derivades Parcials i Aplicacions,34
"(2018, 2021]",ICARUS - Intelligent Communications and Avionics for Robust Unmanned Aerial Systems,34
"(2018, 2021]",gAGE - Grup d'Astronomia i Geomatica,34
"(2015, 2018]",DRM - Dosimetria i Radiofisica Medica,34
"(2018, 2021]",ADBD - Analisi de Dades Complexes per a les Decisions Empresarials,34
"(2012, 2015]","AR.I.EN - Arquitectura, Industria i Enginyeria",34
"(2009, 2012]",VEU - Grup de Tractament de la Parla,34
"(2009, 2012]",EDP - Equacions en Derivades Parcials i Aplicacions,33
"(2015, 2018]",e-PLASCOM - Plastics i Composits Ecologics,33
"(2018, 2021]",LAB - Laboratori d'Aplicacions Bioacustiques,33
"(2009, 2012]",GNOM - Grup d'Optimitzacio Numerica i Modelitzacio,33
"(2012, 2015]","inSSIDE - integrated Software, Service, Information and Data Engineering",33
"(2018, 2021]",TN - Grup de Recerca en Teoria de Nombres,33
"(2012, 2015]",FLUMEN - Dinamica Fluvial i Enginyeria Hidrologica,33
"(2018, 2021]",e-PLASCOM - Plastics i Composits Ecologics,33
"(2012, 2015]",TECTEX - Grup de Recerca en Tecnologia Textil,32
"(2009, 2012]",GRAA - Grup de Recerca en Analisi Aplicada,32
"(2015, 2018]",ADBD - Analisi de Dades Complexes per a les Decisions Empresarials,32
"(2009, 2012]",POL - Polimers Industrials Avancats i Biopolimers Tecnologics,32
"(2015, 2018]",SARTI-MAR - Sistemes d'Adquisicio Remota de dades i Tractament de la Informacio en el Medi Mari,32
"(2015, 2018]",GReCEF- Grup de Recerca en Ciencia i Enginyeria de Fluids,32
"(2009, 2012]",ANTENNALAB - Grup d'Antenes i Sistemes Radio,32
"(2015, 2018]",WiComTec - Grup de recerca en Tecnologies i Comunicacions Sense Fils,32
"(2018, 2021]",GRTJ - Grup de Recerca en Teoria de Jocs,32
"(2018, 2021]",BAMPLA - Disseny i Avaluacio de Xarxes i Serveis de Banda Ampla,32
"(2015, 2018]",FOTONICA - Grup de Recerca de Fotonica,32
"(2015, 2018]",GAA - Grup d'Astronomia i Astrofisica,32
"(2009, 2012]",GIIP - Grup de Recerca en Enginyeria de Projectes: Disseny i Sostenibilitat,32
"(2015, 2018]",ANiComp - Analisi numerica i computacio cientifica,32
"(2012, 2015]",LITEM - Laboratori per a la Innovacio Tecnologica d'Estructures i Materials,31
"(2018, 2021]",GPI - Grup de Processament d'Imatge i Video,31
"(2009, 2012]",e-PLASCOM - Plastics i Composits Ecologics,31
"(2015, 2018]",CREDA - Centre de Recerca en Economia i Desenvolupament Agroalimentari,31
"(2012, 2015]",e-PLASCOM - Plastics i Composits Ecologics,31
"(2018, 2021]",ANiComp - Analisi numerica i computacio cientifica,31
"(2012, 2015]","ADR&M - Arquitectura, Disseny: Representacio i Modelatge",31
"(2018, 2021]",B2SLab - Bioinformatics and Biomedical Signals Laboratory,31
"(2015, 2018]",SIC - Sistemes Intel?ligents de Control,31
"(2018, 2021]",GAA - Grup d'Astronomia i Astrofisica,31
"(2012, 2015]",ANiComp - Analisi numerica i computacio cientifica,31
"(2015, 2018]",SUMMLab - Sustainability Measurement and Modeling Lab,30
"(2009, 2012]",GREO - Grup de Recerca en Enginyeria Optica,30
"(2009, 2012]","AIEM - Arquitectura, energia i medi ambient",30
"(2009, 2012]",GRU - Grup de Recerca Urbanisme,30
"(2018, 2021]",GREO - Grup de Recerca en Enginyeria Optica,30
"(2015, 2018]","ViRVIG - Grup de Recerca en Visualitzacio, Realitat Virtual i Interaccio Grafica",30
"(2015, 2018]",MECMAT - Mecanica de Materials,30
"(2015, 2018]",ENMA - Enginyeria del Medi Ambient,30
"(2018, 2021]",CDIF - Centre de Diagnostic Industrial i Fluidodinamica,30
"(2018, 2021]",CTTC - Centre Tecnologic de la Transferencia de Calor,30
"(2012, 2015]",EDP - Equacions en Derivades Parcials i Aplicacions,30
"(2009, 2012]",KEMLG - Grup d'Enginyeria del Coneixement i Aprenentatge Automatic,30
"(2012, 2015]",ACES - Control Avancat de Sistemes d'Energia,30
"(2015, 2018]",DF - Dinamica de Fluids: formacio d'estructures i aplicacions geofisiques,30
"(2012, 2015]",VIS - Visio Artificial i Sistemes Intel?ligents,29
"(2012, 2015]",GAECE - Grup d'Accionaments Electrics amb Commutacio Electronica,29
"(2015, 2018]",POLQUITEX - Materials Polimerics i Quimica Textil,29
"(2015, 2018]",POL - Polimers Industrials Avancats i Biopolimers Tecnologics,29
"(2012, 2015]",GNOM - Grup d'Optimitzacio Numerica i Modelitzacio,29
"(2015, 2018]","ADR&M - Arquitectura, Disseny: Representacio i Modelatge",29
"(2009, 2012]",IEB - Instrumentacio Electronica i Biomedica,29
"(2012, 2015]",CNDS - Xarxes de Computadors i Sistemes Distribuits,29
"(2009, 2012]","ADR&M - Arquitectura, Disseny: Representacio i Modelatge",29
"(2009, 2012]",LUB - Laboratori d'Urbanisme de Barcelona,29
"(2018, 2021]",GRU - Grup de Recerca Urbanisme,29
"(2012, 2015]",SIC - Sistemes Intel?ligents de Control,29
"(2009, 2012]",CTTC - Centre Tecnologic de la Transferencia de Calor,29
"(2009, 2012]",VIS - Visio Artificial i Sistemes Intel?ligents,29
"(2018, 2021]",SPCOM - Grup de Recerca de Processament del Senyal i Comunicacions,29
"(2015, 2018]",TN - Grup de Recerca en Teoria de Nombres,29
"(2012, 2015]",KEMLG - Grup d'Enginyeria del Coneixement i Aprenentatge Automatic,29
"(2012, 2015]",HIPICS - Grup de Circuits i Sistemes Integrats d'Altes Prestacions,29
"(2015, 2018]",GNOM - Grup d'Optimitzacio Numerica i Modelitzacio,29
"(2012, 2015]",POL - Polimers Industrials Avancats i Biopolimers Tecnologics,28
"(2012, 2015]",GRTJ - Grup de Recerca en Teoria de Jocs,28
"(2009, 2012]",CSC - Components and Systems for Communications Research Group,28
"(2015, 2018]",GRTJ - Grup de Recerca en Teoria de Jocs,28
"(2015, 2018]",ICARUS - Intelligent Communications and Avionics for Robust Unmanned Aerial Systems,28
"(2018, 2021]",SOCO - Soft Computing,28
"(2009, 2012]",GRCM - Grup de Recerca en Comunicacions Mobils,28
"(2015, 2018]",GAECE - Grup d'Accionaments Electrics amb Commutacio Electronica,27
"(2015, 2018]",GOAPI - Grup d'Optica Aplicada i Processament d'Imatge,27
"(2009, 2012]",ISG - Grup de Seguretat de la Informacio,27
"(2012, 2015]",GReCEF- Grup de Recerca en Ciencia i Enginyeria de Fluids,27
"(2009, 2012]",SPCOM - Grup de Recerca de Processament del Senyal i Comunicacions,27
"(2018, 2021]",POL - Polimers Industrials Avancats i Biopolimers Tecnologics,27
"(2018, 2021]",UMA - Unitat de Mecanitzacio Agraria,27
"(2018, 2021]",LEAM - Laboratori d'Enginyeria Acustica i Mecanica,27
"(2018, 2021]",INSIDE - Innovacio en Sistemes per al Disseny i la Formacio a l'Enginyeria,27
"(2009, 2012]",CNDS - Xarxes de Computadors i Sistemes Distribuits,27
"(2015, 2018]",WNG - Grup de xarxes sense fils,26
"(2015, 2018]","AIEM - Arquitectura, energia i medi ambient",26
"(2012, 2015]",CELBIOTECH - Grup de Recerca: Enginyeria Paperera,26
"(2009, 2012]",EPIC - Energy Processing and Integrated Circuits,26
"(2015, 2018]",GRAA - Grup de Recerca en Analisi Aplicada,26
"(2018, 2021]",ANTENNALAB - Grup d'Antenes i Sistemes Radio,26
"(2018, 2021]",VIS - Visio Artificial i Sistemes Intel?ligents,26
"(2018, 2021]",RFEMC - Grup de Radiofrequencia i Compatibilitat Electromagnetica en Xarxes de Comunicacions,26
"(2012, 2015]",SISCOM - Smart Services for Information Systems and Communication Networks,26
"(2018, 2021]",ACES - Control Avancat de Sistemes d'Energia,26
"(2012, 2015]",GIIP - Grup de Recerca en Enginyeria de Projectes: Disseny i Sostenibilitat,26
"(2018, 2021]",GRO - Grup de Recerca en Organitzacio,26
"(2018, 2021]",MICROTECH LAB - Microtechnology for the Industry,25
"(2015, 2018]",GREC - Grup de Recerca en Enginyeria del Coneixement,25
"(2018, 2021]",CNDS - Xarxes de Computadors i Sistemes Distribuits,25
"(2012, 2015]",gAGE - Grup d'Astronomia i Geomatica,25
"(2015, 2018]",CPSV - Centre de Politica de Sol i Valoracions,25
"(2018, 2021]",SISCOM - Smart Services for Information Systems and Communication Networks,25
"(2012, 2015]",GRHCT - Grup de Recerca d'Historia de la Ciencia i de la Tecnica,25
"(2012, 2015]",ISG - Grup de Seguretat de la Informacio,25
"(2015, 2018]",GIIP - Grup de Recerca en Enginyeria de Projectes: Disseny i Sostenibilitat,25
"(2009, 2012]",FLUMEN - Dinamica Fluvial i Enginyeria Hidrologica,25
"(2012, 2015]",LRG - Lightning Research Group,25
"(2012, 2015]",TECNOFAB - Grup de Recerca en Tecnologies de Fabricacio,25
"(2018, 2021]",LRG - Lightning Research Group,25
"(2009, 2012]",SIC - Sistemes Intel?ligents de Control,25
"(2018, 2021]",FOTONICA - Grup de Recerca de Fotonica,25
"(2012, 2015]",DCG - Discrete and Combinatorial Geometry,25
"(2009, 2012]","ViRVIG - Grup de Recerca en Visualitzacio, Realitat Virtual i Interaccio Grafica",25
"(2012, 2015]",SCL-EG - Sistemes de Control Lineals: estudi Geometric,25
"(2012, 2015]",GRAA - Grup de Recerca en Analisi Aplicada,25
"(2015, 2018]",SPCOM - Grup de Recerca de Processament del Senyal i Comunicacions,25
"(2009, 2012]",GPI - Grup de Processament d'Imatge i Video,25
"(2009, 2012]",CERTEC - Centre d'Estudis del Risc Tecnologic,25
"(2018, 2021]","RF&MW - Grup de Recerca de sistemes, dispositius i materials de RF i microones",25
"(2009, 2012]","RF&MW - Grup de Recerca de sistemes, dispositius i materials de RF i microones",24
"(2012, 2015]",EnGeoModels - Monitoring and Modelling in Engineering Geology,24
"(2015, 2018]",CDIF - Centre de Diagnostic Industrial i Fluidodinamica,24
"(2015, 2018]",SIR - Service and Industrial Robotics,24
"(2018, 2021]",L'AIRE - Laboratori Aeronautic i Industrial de Recerca i Estudis,24
"(2015, 2018]",SOCO - Soft Computing,24
"(2012, 2015]",GRCM - Grup de Recerca en Comunicacions Mobils,24
"(2009, 2012]",CGA - Computational Geometry and Applications,24
"(2018, 2021]","AR.I.EN - Arquitectura, Industria i Enginyeria",24
"(2015, 2018]",SCL-EG - Sistemes de Control Lineals: estudi Geometric,24
"(2009, 2012]",MATCAR - Materials de Construccio i Carreteres,24
"(2009, 2012]",ICARUS - Intelligent Communications and Avionics for Robust Unmanned Aerial Systems,24
"(2018, 2021]",BIOSPIN - Biomedical Signal Processing and Interpretation,24
"(2012, 2015]",CRAHI - Centre de Recerca Aplicada en Hidrometeorologia,24
"(2015, 2018]",SEER - Sistemes Electrics d'Energia Renovable,24
"(2009, 2012]",InSup - Grup de Recerca en Interaccio de Superficies en Bioenginyeria i Ciencia dels Materials,24
"(2018, 2021]",SUMMLab - Sustainability Measurement and Modeling Lab,24
"(2018, 2021]",ENMA - Enginyeria del Medi Ambient,24
"(2012, 2015]",ANTENNALAB - Grup d'Antenes i Sistemes Radio,24
"(2012, 2015]",ROBiri - Grup de Robotica de l'IRI,24
"(2009, 2012]",VIRTUOS - Virtualisation and Operating Systems,24
"(2012, 2015]",BAMPLA - Disseny i Avaluacio de Xarxes i Serveis de Banda Ampla,24
"(2018, 2021]",CERTEC - Centre d'Estudis del Risc Tecnologic,24
"(2009, 2012]",gAGE - Grup d'Astronomia i Geomatica,24
"(2012, 2015]",GAA - Grup d'Astronomia i Astrofisica,24
"(2009, 2012]",ANiComp - Analisi numerica i computacio cientifica,24
"(2012, 2015]",BIOGAP - Grup de Tractament Biologic de Contaminants Gasosos i Olors,24
"(2015, 2018]",GRHCT - Grup de Recerca d'Historia de la Ciencia i de la Tecnica,24
"(2018, 2021]",TUAREG - Turbulence and Aerodynamics in Mechanical and Aerospace Engineering Research Group,24
"(2009, 2012]",LRG - Lightning Research Group,24
"(2018, 2021]",REARQ - Rehabilitacio i Restauracio Arquitectonica,24
"(2012, 2015]",SPCOM - Grup de Recerca de Processament del Senyal i Comunicacions,24
"(2018, 2021]",BIOART - BIOsignal Analysis for Rehabilitation and Therapy,23
"(2015, 2018]",CNDS - Xarxes de Computadors i Sistemes Distribuits,23
"(2015, 2018]",FLUMEN - Dinamica Fluvial i Enginyeria Hidrologica,23
"(2015, 2018]",EGEO - Enginyeria Geomatica,23
"(2018, 2021]",GRHCT - Grup de Recerca d'Historia de la Ciencia i de la Tecnica,23
"(2009, 2012]",GAA - Grup d'Astronomia i Astrofisica,23
"(2009, 2012]",GILDA - Grup per a la Innovacio i la Logistica Docent en Arquitectura,23
"(2018, 2021]",GIIP - Grup de Recerca en Enginyeria de Projectes: Disseny i Sostenibilitat,23
"(2009, 2012]","LARCA - Laboratori d'Algorismia Relacional, Complexitat i Aprenentatge",23
"(2009, 2012]",BIOART - BIOsignal Analysis for Rehabilitation and Therapy,23
"(2015, 2018]",GRINS - Grup de Recerca en Robotica Intel?ligent i Sistemes,23
"(2015, 2018]",GINEMQUAL - Gestio Integrada de Nematodes Fitoparasits i dels Efectes sobre el Rendiment i Qualitat de la Collita,23
"(2018, 2021]",GRDU - Grup de recerca en Direccio Universitaria,23
"(2009, 2012]",BIT - Barcelona Innovative Transportation,23
"(2009, 2012]",GRO - Grup de Recerca en Organitzacio,23
"(2009, 2012]",EScGD - Engineering Sciences and Global Development,22
"(2018, 2021]",CGA - Computational Geometry and Applications,22
"(2018, 2021]",MATCAR - Materials de Construccio i Carreteres,22
"(2012, 2015]",CIRCUIT - Grup de Recerca en Circuits i Sistemes de Comunicacio,22
"(2018, 2021]",GAECE - Grup d'Accionaments Electrics amb Commutacio Electronica,22
"(2009, 2012]",SEER - Sistemes Electrics d'Energia Renovable,22
"(2018, 2021]",MECMAT - Mecanica de Materials,22
"(2018, 2021]",SIR - Service and Industrial Robotics,22
"(2009, 2012]","GIOPACT - Grup de Recerca d'Igualtat d'Oportunitats per a l'Arquitectura, la Ciencia i la Tecnologia",22
"(2009, 2012]",B2SLab - Bioinformatics and Biomedical Signals Laboratory,22
"(2009, 2012]",SISCOM - Smart Services for Information Systems and Communication Networks,22
"(2009, 2012]",SCL-EG - Sistemes de Control Lineals: estudi Geometric,22
"(2018, 2021]",GILDA - Grup per a la Innovacio i la Logistica Docent en Arquitectura,22
"(2015, 2018]","AR.I.EN - Arquitectura, Industria i Enginyeria",22
"(2018, 2021]","ADR&M - Arquitectura, Disseny: Representacio i Modelatge",22
"(2015, 2018]",CERTEC - Centre d'Estudis del Risc Tecnologic,22
"(2018, 2021]",GNOM - Grup d'Optimitzacio Numerica i Modelitzacio,22
"(2015, 2018]",CEMAD - Caracteritzacio Electrica de Materials i Dispositius,22
"(2012, 2015]",UMA - Unitat de Mecanitzacio Agraria,22
"(2009, 2012]",HIPICS - Grup de Circuits i Sistemes Integrats d'Altes Prestacions,22
"(2012, 2015]",ICARUS - Intelligent Communications and Avionics for Robust Unmanned Aerial Systems,22
"(2009, 2012]",SUMMLab - Sustainability Measurement and Modeling Lab,22
"(2012, 2015]",GREC - Grup de Recerca en Enginyeria del Coneixement,22
"(2012, 2015]",GRO - Grup de Recerca en Organitzacio,22
"(2018, 2021]","ViRVIG - Grup de Recerca en Visualitzacio, Realitat Virtual i Interaccio Grafica",22
"(2015, 2018]",CRESCA - Centre de Recerca en Seguretat i Control Alimentari,22
"(2012, 2015]",QSE - Qualitat del Subministrament Electric,22
"(2012, 2015]",MECMAT - Mecanica de Materials,22
"(2015, 2018]",SISCOM - Smart Services for Information Systems and Communication Networks,22
"(2009, 2012]",CEMAD - Caracteritzacio Electrica de Materials i Dispositius,21
"(2012, 2015]",TUAREG - Turbulence and Aerodynamics in Mechanical and Aerospace Engineering Research Group,21
"(2012, 2015]",SUMMLab - Sustainability Measurement and Modeling Lab,21
"(2009, 2012]",OPE-PROTHIUS - Organitzacio de la Produccio en Tallers Hibrids,21
"(2012, 2015]",CREDA - Centre de Recerca en Economia i Desenvolupament Agroalimentari,21
"(2018, 2021]",CEPIMA - Center for Process and Environment Engineering,21
"(2018, 2021]",EnGeoModels - Monitoring and Modelling in Engineering Geology,21
"(2009, 2012]",SOCO - Soft Computing,21
"(2009, 2012]",LAB - Laboratori d'Aplicacions Bioacustiques,21
"(2012, 2015]",GILDA - Grup per a la Innovacio i la Logistica Docent en Arquitectura,21
"(2015, 2018]",gAGE - Grup d'Astronomia i Geomatica,21
"(2012, 2015]",SIR - Service and Industrial Robotics,20
"(2015, 2018]",HABITAR - Grupo de Investigacion,20
"(2015, 2018]",REMM - Recerca en Estructures i Mecanica de Materials,20
"(2018, 2021]",CEMAD - Caracteritzacio Electrica de Materials i Dispositius,20
"(2012, 2015]",BIOART - BIOsignal Analysis for Rehabilitation and Therapy,20
"(2012, 2015]",WNG - Grup de xarxes sense fils,20
"(2009, 2012]","inSSIDE - integrated Software, Service, Information and Data Engineering",20
"(2012, 2015]",SOCO - Soft Computing,20
"(2009, 2012]",GIE - Grup d'Informatica a l'Enginyeria,20
"(2015, 2018]",BAMPLA - Disseny i Avaluacio de Xarxes i Serveis de Banda Ampla,20
"(2009, 2012]",GRHCT - Grup de Recerca d'Historia de la Ciencia i de la Tecnica,20
"(2009, 2012]","GRUP ISI - Grup d'Instrumentacio, Sensors i Interficies",20
"(2009, 2012]",WNG - Grup de xarxes sense fils,19
"(2012, 2015]",EScGD - Engineering Sciences and Global Development,19
"(2012, 2015]",GPI - Grup de Processament d'Imatge i Video,19
"(2018, 2021]",EGEO - Enginyeria Geomatica,19
"(2018, 2021]",CDEI-DM - Centre de Disseny d'Equips Industrials-Dinamica de Maquines,19
"(2009, 2012]",CERCLE - Cercle d'Arquitectura,19
"(2009, 2012]","VOS - Visio, Optometria i Salut",19
"(2009, 2012]",KRD - Cinematica i Disseny de Robots,19
"(2015, 2018]",GRDU - Grup de recerca en Direccio Universitaria,19
"(2015, 2018]",HIPICS - Grup de Circuits i Sistemes Integrats d'Altes Prestacions,19
"(2018, 2021]",LUB - Laboratori d'Urbanisme de Barcelona,19
"(2012, 2015]",CREMIT - Centre de Recerca de Motors i Instal?lacions Termiques,19
"(2009, 2012]",GAECE - Grup d'Accionaments Electrics amb Commutacio Electronica,19
"(2018, 2021]",GIES - Geofisica i Enginyeria Sismica,19
"(2012, 2015]",CPSV - Centre de Politica de Sol i Valoracions,19
"(2015, 2018]",CSC - Components and Systems for Communications Research Group,19
"(2009, 2012]",GPLN - Grup de Processament del Llenguatge Natural,19
"(2015, 2018]",EScGD - Engineering Sciences and Global Development,18
"(2012, 2015]","AIEM - Arquitectura, energia i medi ambient",18
"(2012, 2015]",DISEN - Distributed Sensor Networks,18
"(2015, 2018]",RFEMC - Grup de Radiofrequencia i Compatibilitat Electromagnetica en Xarxes de Comunicacions,18
"(2015, 2018]",GILDA - Grup per a la Innovacio i la Logistica Docent en Arquitectura,18
"(2015, 2018]",INSIDE - Innovacio en Sistemes per al Disseny i la Formacio a l'Enginyeria,18
"(2012, 2015]",GINEMQUAL - Gestio Integrada de Nematodes Fitoparasits i dels Efectes sobre el Rendiment i Qualitat de la Collita,18
"(2012, 2015]",LEAM - Laboratori d'Enginyeria Acustica i Mecanica,18
"(2015, 2018]",LRG - Lightning Research Group,18
"(2015, 2018]",EnGeoModels - Monitoring and Modelling in Engineering Geology,18
"(2012, 2015]","RF&MW - Grup de Recerca de sistemes, dispositius i materials de RF i microones",18
"(2015, 2018]",MATCAR - Materials de Construccio i Carreteres,18
"(2012, 2015]",POLQUITEX - Materials Polimerics i Quimica Textil,18
"(2009, 2012]",TRANSMAR - Grup de recerca de transport maritim i logistica portuaria,18
"(2009, 2012]",TECNOFAB - Grup de Recerca en Tecnologies de Fabricacio,18
"(2018, 2021]","STH - Sostenibilitat, Tecnologia i Humanisme",18
"(2018, 2021]",CIRCUIT - Grup de Recerca en Circuits i Sistemes de Comunicacio,18
"(2018, 2021]",e-CAT - Circuits i Transductors Electronics,18
"(2018, 2021]",LAM - Laboratori d'Aplicacions Multimedia i TIC,18
"(2018, 2021]",SARTI-MAR - Sistemes d'Adquisicio Remota de dades i Tractament de la Informacio en el Medi Mari,18
"(2012, 2015]",CRESCA - Centre de Recerca en Seguretat i Control Alimentari,18
"(2012, 2015]",KRD - Cinematica i Disseny de Robots,18
"(2012, 2015]","GIOPACT - Grup de Recerca d'Igualtat d'Oportunitats per a l'Arquitectura, la Ciencia i la Tecnologia",18
"(2015, 2018]",OPE-PROTHIUS - Organitzacio de la Produccio en Tallers Hibrids,17
"(2018, 2021]",ISSET - Integrated Smart Sensors and Health Technologies,17
"(2009, 2012]",LEAM - Laboratori d'Enginyeria Acustica i Mecanica,17
"(2012, 2015]",MATCAR - Materials de Construccio i Carreteres,17
"(2009, 2012]",WiComTec - Grup de recerca en Tecnologies i Comunicacions Sense Fils,17
"(2012, 2015]",CRAAX - Centre de Recerca d'Arquitectures Avancades de Xarxes,17
"(2018, 2021]",CREMIT - Centre de Recerca de Motors i Instal?lacions Termiques,17
"(2018, 2021]",QSE - Qualitat del Subministrament Electric,17
"(2015, 2018]",GRCM - Grup de Recerca en Comunicacions Mobils,17
"(2009, 2012]",ISSET - Integrated Smart Sensors and Health Technologies,17
"(2009, 2012]",GRDU - Grup de recerca en Direccio Universitaria,17
"(2018, 2021]",SCL-EG - Sistemes de Control Lineals: estudi Geometric,17
"(2009, 2012]",GIES - Geofisica i Enginyeria Sismica,17
"(2012, 2015]","GRUP ISI - Grup d'Instrumentacio, Sensors i Interficies",17
"(2015, 2018]",FORM+ - Grup de recerca FORM+,17
"(2009, 2012]",MECMAT - Mecanica de Materials,17
"(2012, 2015]",SEER - Sistemes Electrics d'Energia Renovable,17
"(2018, 2021]",FORM+ - Grup de recerca FORM+,17
"(2009, 2012]",GRTJ - Grup de Recerca en Teoria de Jocs,17
"(2018, 2021]",HIPICS - Grup de Circuits i Sistemes Integrats d'Altes Prestacions,17
"(2018, 2021]",BIOMEC - Biomechanical Engineering Lab,17
"(2018, 2021]",EScGD - Engineering Sciences and Global Development,17
"(2009, 2012]",CRAHI - Centre de Recerca Aplicada en Hidrometeorologia,17
"(2018, 2021]",InSup - Grup de Recerca en Interaccio de Superficies en Bioenginyeria i Ciencia dels Materials,17
"(2009, 2012]",CIRCUIT - Grup de Recerca en Circuits i Sistemes de Comunicacio,17
"(2015, 2018]","STH - Sostenibilitat, Tecnologia i Humanisme",17
"(2012, 2015]","VOS - Visio, Optometria i Salut",17
"(2012, 2015]",SEPIC - Sistemes Electronics de Potencia i de Control,17
"(2018, 2021]",CELBIOTECH - Grup de Recerca: Enginyeria Paperera,16
"(2015, 2018]",VIRTUOS - Virtualisation and Operating Systems,16
"(2009, 2012]",FORM+ - Grup de recerca FORM+,16
"(2018, 2021]",DCG - Discrete and Combinatorial Geometry,16
"(2015, 2018]",UMA - Unitat de Mecanitzacio Agraria,16
"(2012, 2015]",MICROTECH LAB - Microtechnology for the Industry,16
"(2015, 2018]",GIES - Geofisica i Enginyeria Sismica,16
"(2015, 2018]",GPLN - Grup de Processament del Llenguatge Natural,16
"(2015, 2018]",CDEI-DM - Centre de Disseny d'Equips Industrials-Dinamica de Maquines,16
"(2009, 2012]",REARQ - Rehabilitacio i Restauracio Arquitectonica,16
"(2015, 2018]",AMPC - Analisi de materials de Patrimoni Cultural,16
"(2012, 2015]","ViRVIG - Grup de Recerca en Visualitzacio, Realitat Virtual i Interaccio Grafica",16
"(2009, 2012]",HABITAR - Grupo de Investigacion,16
"(2018, 2021]",GINEMQUAL - Gestio Integrada de Nematodes Fitoparasits i dels Efectes sobre el Rendiment i Qualitat de la Collita,16
"(2015, 2018]",DCG - Discrete and Combinatorial Geometry,16
"(2009, 2012]",GRIC - Grup de Recerca i Innovacio de la Construccio,16
"(2015, 2018]",BIOGAP - Grup de Tractament Biologic de Contaminants Gasosos i Olors,16
"(2018, 2021]",GREC - Grup de Recerca en Enginyeria del Coneixement,16
"(2015, 2018]",BIOMEC - Biomechanical Engineering Lab,16
"(2012, 2015]",GRDU - Grup de recerca en Direccio Universitaria,16
"(2018, 2021]",HABITAR - Grupo de Investigacion,16
"(2015, 2018]",L'AIRE - Laboratori Aeronautic i Industrial de Recerca i Estudis,16
"(2015, 2018]",LABSON - Laboratori de Sistemes Oleohidraulics i Pneumatics,16
"(2009, 2012]",SEPIC - Sistemes Electronics de Potencia i de Control,16
"(2015, 2018]",LAM - Laboratori d'Aplicacions Multimedia i TIC,16
"(2012, 2015]",MAPTHE - Analisi matricial i Teoria Discreta del Potencial,16
"(2009, 2012]",UMA - Unitat de Mecanitzacio Agraria,16
"(2012, 2015]",LAB - Laboratori d'Aplicacions Bioacustiques,15
"(2018, 2021]",GRCM - Grup de Recerca en Comunicacions Mobils,15
"(2012, 2015]",VIRTUOS - Virtualisation and Operating Systems,15
"(2012, 2015]",GIE - Grup d'Informatica a l'Enginyeria,15
"(2015, 2018]",MICROTECH LAB - Microtechnology for the Industry,15
"(2018, 2021]","QINE - Disseny de Baix Consum, Test, Verificacio i Circuits Integrats de Seguretat",15
"(2009, 2012]","STH - Sostenibilitat, Tecnologia i Humanisme",15
"(2012, 2015]",OPE-PROTHIUS - Organitzacio de la Produccio en Tallers Hibrids,15
"(2009, 2012]",DCG - Discrete and Combinatorial Geometry,15
"(2015, 2018]",CRAAX - Centre de Recerca d'Arquitectures Avancades de Xarxes,15
"(2015, 2018]",CREMIT - Centre de Recerca de Motors i Instal?lacions Termiques,15
"(2018, 2021]",CSC - Components and Systems for Communications Research Group,15
"(2012, 2015]",CDEI-DM - Centre de Disseny d'Equips Industrials-Dinamica de Maquines,15
"(2009, 2012]",EGEO - Enginyeria Geomatica,15
"(2015, 2018]",LiTA - Laboratori d'Innovacio i Tecnologia en l'Arquitectura,15
"(2018, 2021]",LITEM - Laboratori per a la Innovacio Tecnologica d'Estructures i Materials,14
"(2009, 2012]",QSE - Qualitat del Subministrament Electric,14
"(2018, 2021]",BIOGAP - Grup de Tractament Biologic de Contaminants Gasosos i Olors,14
"(2012, 2015]",CERTEC - Centre d'Estudis del Risc Tecnologic,14
"(2018, 2021]",LiTA - Laboratori d'Innovacio i Tecnologia en l'Arquitectura,14
"(2009, 2012]",EnGeoModels - Monitoring and Modelling in Engineering Geology,14
"(2012, 2015]",CEMAD - Caracteritzacio Electrica de Materials i Dispositius,14
"(2012, 2015]",MAK - Matematica Aplicada a la Criptografia,14
"(2012, 2015]",CSC - Components and Systems for Communications Research Group,14
"(2009, 2012]",GINEMQUAL - Gestio Integrada de Nematodes Fitoparasits i dels Efectes sobre el Rendiment i Qualitat de la Collita,14
"(2018, 2021]",CRAAX - Centre de Recerca d'Arquitectures Avancades de Xarxes,14
"(2015, 2018]","VOS - Visio, Optometria i Salut",14
"(2015, 2018]",LITEM - Laboratori per a la Innovacio Tecnologica d'Estructures i Materials,14
"(2015, 2018]","GRUP ISI - Grup d'Instrumentacio, Sensors i Interficies",14
"(2015, 2018]",GREA - Grup de Recerca d'Enginyeria Agro-Ambiental,14
"(2009, 2012]",GReCEF- Grup de Recerca en Ciencia i Enginyeria de Fluids,14
"(2015, 2018]",CIRCUIT - Grup de Recerca en Circuits i Sistemes de Comunicacio,14
"(2015, 2018]",ANTENNALAB - Grup d'Antenes i Sistemes Radio,14
"(2015, 2018]","ACC - Arquitectura, Ciutat i Cultura",14
"(2009, 2012]",BIOSPIN - Biomedical Signal Processing and Interpretation,14
"(2009, 2012]",CDEI-DM - Centre de Disseny d'Equips Industrials-Dinamica de Maquines,14
"(2012, 2015]",InSup - Grup de Recerca en Interaccio de Superficies en Bioenginyeria i Ciencia dels Materials,13
"(2009, 2012]",REMM - Recerca en Estructures i Mecanica de Materials,13
"(2018, 2021]",OPE-PROTHIUS - Organitzacio de la Produccio en Tallers Hibrids,13
"(2009, 2012]",ARCO - Microarquitectura i Compiladors,13
"(2012, 2015]",AMPC - Analisi de materials de Patrimoni Cultural,13
"(2018, 2021]","VOS - Visio, Optometria i Salut",13
"(2015, 2018]","RF&MW - Grup de Recerca de sistemes, dispositius i materials de RF i microones",13
"(2018, 2021]",GREiP - Grup de Recerca d'Edificacio i Patrimoni,13
"(2012, 2015]","MACROM - Cristal?lografia, Estructura i Funcio de Macromolecules Biologiques",13
"(2015, 2018]",GPI - Grup de Processament d'Imatge i Video,13
"(2009, 2012]",CDAL - Centre de Disseny d'Aliatges Lleugers i Tractaments de Superficie,13
"(2015, 2018]",CGA - Computational Geometry and Applications,13
"(2015, 2018]",CELBIOTECH - Grup de Recerca: Enginyeria Paperera,13
"(2015, 2018]",BIOSPIN - Biomedical Signal Processing and Interpretation,13
"(2012, 2015]",REARQ - Rehabilitacio i Restauracio Arquitectonica,13
"(2018, 2021]",AMPC - Analisi de materials de Patrimoni Cultural,13
"(2009, 2012]",L'AIRE - Laboratori Aeronautic i Industrial de Recerca i Estudis,13
"(2012, 2015]",GIES - Geofisica i Enginyeria Sismica,13
"(2018, 2021]",LABSON - Laboratori de Sistemes Oleohidraulics i Pneumatics,13
"(2012, 2015]",L'AIRE - Laboratori Aeronautic i Industrial de Recerca i Estudis,13
"(2018, 2021]",IFLUIDS - Grup de Recerca Barcelona Fluids & Energy Lab,12
"(2018, 2021]","MAPS - Management, Pricing and Services in Next Generation Networks",12
"(2018, 2021]",MAPTHE - Analisi matricial i Teoria Discreta del Potencial,12
"(2018, 2021]",GRINS - Grup de Recerca en Robotica Intel?ligent i Sistemes,12
"(2018, 2021]",KRD - Cinematica i Disseny de Robots,12
"(2018, 2021]",CRAHI - Centre de Recerca Aplicada en Hidrometeorologia,12
"(2009, 2012]",(TIEG) - Terrassa Industrial Electronics Group,12
"(2012, 2015]",TRANSMAR - Grup de recerca de transport maritim i logistica portuaria,12
"(2012, 2015]",CDIF - Centre de Diagnostic Industrial i Fluidodinamica,12
"(2012, 2015]",LAM - Laboratori d'Aplicacions Multimedia i TIC,12
"(2012, 2015]",INSIDE - Innovacio en Sistemes per al Disseny i la Formacio a l'Enginyeria,12
"(2012, 2015]",HABITAR - Grupo de Investigacion,12
"(2009, 2012]",GREC - Grup de Recerca en Enginyeria del Coneixement,12
"(2009, 2012]",ROBiri - Grup de Robotica de l'IRI,12
"(2009, 2012]",DISEN - Distributed Sensor Networks,12
"(2015, 2018]",MAPTHE - Analisi matricial i Teoria Discreta del Potencial,12
"(2009, 2012]",RFEMC - Grup de Radiofrequencia i Compatibilitat Electromagnetica en Xarxes de Comunicacions,12
"(2012, 2015]",LUB - Laboratori d'Urbanisme de Barcelona,12
"(2012, 2015]",EGEO - Enginyeria Geomatica,12
"(2012, 2015]",CGA - Computational Geometry and Applications,12
"(2018, 2021]",LESEC - Laboratori d'Estudis Socials de l'Enginyeria Civil,11
"(2015, 2018]",QSE - Qualitat del Subministrament Electric,11
"(2018, 2021]",ARCO - Microarquitectura i Compiladors,11
"(2009, 2012]",e-CAT - Circuits i Transductors Electronics,11
"(2015, 2018]",InSup - Grup de Recerca en Interaccio de Superficies en Bioenginyeria i Ciencia dels Materials,11
"(2009, 2012]",LITEM - Laboratori per a la Innovacio Tecnologica d'Estructures i Materials,11
"(2015, 2018]","GIOPACT - Grup de Recerca d'Igualtat d'Oportunitats per a l'Arquitectura, la Ciencia i la Tecnologia",11
"(2018, 2021]",VIRTUOS - Virtualisation and Operating Systems,11
"(2009, 2012]",SIR - Service and Industrial Robotics,11
"(2012, 2015]",GPLN - Grup de Processament del Llenguatge Natural,11
"(2015, 2018]",MAK - Matematica Aplicada a la Criptografia,11
"(2012, 2015]",GRINS - Grup de Recerca en Robotica Intel?ligent i Sistemes,11
"(2015, 2018]","EXIT - Enginyeria, Xarxes, Infraestructures, Territori",11
"(2015, 2018]",TRANSMAR - Grup de recerca de transport maritim i logistica portuaria,11
"(2009, 2012]",BIOGAP - Grup de Tractament Biologic de Contaminants Gasosos i Olors,11
"(2009, 2012]",MAPTHE - Analisi matricial i Teoria Discreta del Potencial,11
"(2009, 2012]",GREP - Grup de Recerca en Electronica de Potencia,10
"(2009, 2012]",LOGPROG - Logica i Programacio,10
"(2018, 2021]","GRUP ISI - Grup d'Instrumentacio, Sensors i Interficies",10
"(2009, 2012]",GRPFM - Grup de Recerca en Propietats Fisiques dels Materials,10
"(2009, 2012]",RSP - Grup de Recerca en Salut Publica,10
"(2015, 2018]",GIE - Grup d'Informatica a l'Enginyeria,10
"(2009, 2012]",INSIDE - Innovacio en Sistemes per al Disseny i la Formacio a l'Enginyeria,10
"(2015, 2018]",GRPFM - Grup de Recerca en Propietats Fisiques dels Materials,10
"(2012, 2015]",BIOMEC - Biomechanical Engineering Lab,10
"(2018, 2021]",ANCORA - Analisi i control del ritme cardiac,10
"(2012, 2015]",GRABI - Grup de Recerca Aplicada en Biomecanica de l'Impacte,10
"(2009, 2012]",AMPC - Analisi de materials de Patrimoni Cultural,10
"(2015, 2018]",REARQ - Rehabilitacio i Restauracio Arquitectonica,10
"(2012, 2015]",CDAL - Centre de Disseny d'Aliatges Lleugers i Tractaments de Superficie,10
"(2018, 2021]",WiComTec - Grup de recerca en Tecnologies i Comunicacions Sense Fils,10
"(2015, 2018]",GRXCA - Grup de Recerca en Xarxes de Comunicacions Cel?lulars i Ad-hoc,10
"(2012, 2015]",BIOSPIN - Biomedical Signal Processing and Interpretation,10
"(2018, 2021]",ISG - Grup de Seguretat de la Informacio,10
"(2012, 2015]","ACC - Arquitectura, Ciutat i Cultura",10
"(2015, 2018]",LEAM - Laboratori d'Enginyeria Acustica i Mecanica,10
"(2015, 2018]",KRD - Cinematica i Disseny de Robots,10
"(2012, 2015]",e-CAT - Circuits i Transductors Electronics,10
"(2012, 2015]",(TIEG) - Terrassa Industrial Electronics Group,10
"(2012, 2015]",GRXCA - Grup de Recerca en Xarxes de Comunicacions Cel?lulars i Ad-hoc,9
"(2012, 2015]",PROTO - Projectes: Tecnica i Organitzacio,9
"(2012, 2015]","QINE - Disseny de Baix Consum, Test, Verificacio i Circuits Integrats de Seguretat",9
"(2012, 2015]",RSP - Grup de Recerca en Salut Publica,9
"(2009, 2012]",TUAREG - Turbulence and Aerodynamics in Mechanical and Aerospace Engineering Research Group,9
"(2015, 2018]",(TIEG) - Terrassa Industrial Electronics Group,9
"(2018, 2021]",GRABI - Grup de Recerca Aplicada en Biomecanica de l'Impacte,9
"(2015, 2018]",ARCO - Microarquitectura i Compiladors,9
"(2018, 2021]","ACC - Arquitectura, Ciutat i Cultura",9
"(2018, 2021]",TRANSMAR - Grup de recerca de transport maritim i logistica portuaria,9
"(2015, 2018]",e-CAT - Circuits i Transductors Electronics,9
"(2015, 2018]","MAPS - Management, Pricing and Services in Next Generation Networks",9
"(2009, 2012]",GSS - Grup Sistemes Sensors,9
"(2009, 2012]",CREMIT - Centre de Recerca de Motors i Instal?lacions Termiques,9
"(2012, 2015]",GREP - Grup de Recerca en Electronica de Potencia,8
"(2015, 2018]",ISG - Grup de Seguretat de la Informacio,8
"(2012, 2015]",LABSON - Laboratori de Sistemes Oleohidraulics i Pneumatics,8
"(2015, 2018]",ANCORA - Analisi i control del ritme cardiac,8
"(2012, 2015]",GRPFM - Grup de Recerca en Propietats Fisiques dels Materials,8
"(2009, 2012]",BIOMEC - Biomechanical Engineering Lab,8
"(2012, 2015]",LiTA - Laboratori d'Innovacio i Tecnologia en l'Arquitectura,8
"(2012, 2015]","MAPS - Management, Pricing and Services in Next Generation Networks",8
"(2015, 2018]",CRAHI - Centre de Recerca Aplicada en Hidrometeorologia,8
"(2009, 2012]",LAM - Laboratori d'Aplicacions Multimedia i TIC,8
"(2009, 2012]","MAPS - Management, Pricing and Services in Next Generation Networks",8
"(2018, 2021]",GPLN - Grup de Processament del Llenguatge Natural,8
"(2015, 2018]",LUB - Laboratori d'Urbanisme de Barcelona,8
"(2015, 2018]","QINE - Disseny de Baix Consum, Test, Verificacio i Circuits Integrats de Seguretat",7
"(2015, 2018]",RSP - Grup de Recerca en Salut Publica,7
"(2015, 2018]",TUAREG - Turbulence and Aerodynamics in Mechanical and Aerospace Engineering Research Group,7
"(2018, 2021]",(TIEG) - Terrassa Industrial Electronics Group,7
"(2015, 2018]","MACROM - Cristal?lografia, Estructura i Funcio de Macromolecules Biologiques",7
"(2012, 2015]","EXIT - Enginyeria, Xarxes, Infraestructures, Territori",7
"(2018, 2021]","EXIT - Enginyeria, Xarxes, Infraestructures, Territori",7
"(2009, 2012]",DAMA-UPC - Data Management Group,7
"(2015, 2018]",GREP - Grup de Recerca en Electronica de Potencia,7
"(2018, 2021]",GIE - Grup d'Informatica a l'Enginyeria,7
"(2012, 2015]",REMM - Recerca en Estructures i Mecanica de Materials,7
"(2009, 2012]",LABSON - Laboratori de Sistemes Oleohidraulics i Pneumatics,7
"(2012, 2015]",RFEMC - Grup de Radiofrequencia i Compatibilitat Electromagnetica en Xarxes de Comunicacions,7
"(2009, 2012]","MACROM - Cristal?lografia, Estructura i Funcio de Macromolecules Biologiques",7
"(2009, 2012]",CRESCA - Centre de Recerca en Seguretat i Control Alimentari,6
"(2009, 2012]",GIRAS - Grup Internacional de Recerca en Arquitectura i Societat,6
"(2009, 2012]",CRAAX - Centre de Recerca d'Arquitectures Avancades de Xarxes,6
"(2009, 2012]",GREA - Grup de Recerca d'Enginyeria Agro-Ambiental,6
"(2009, 2012]",GRINS - Grup de Recerca en Robotica Intel?ligent i Sistemes,6
"(2009, 2012]",GRXCA - Grup de Recerca en Xarxes de Comunicacions Cel?lulars i Ad-hoc,6
"(2009, 2012]",DILAB - Laboratori de fisica dels materials dielectrics,6
"(2012, 2015]",GSS - Grup Sistemes Sensors,6
"(2012, 2015]","STH - Sostenibilitat, Tecnologia i Humanisme",6
"(2012, 2015]",LOGPROG - Logica i Programacio,6
"(2015, 2018]",GRABI - Grup de Recerca Aplicada en Biomecanica de l'Impacte,6
"(2012, 2015]",GREA - Grup de Recerca d'Enginyeria Agro-Ambiental,6
"(2012, 2015]",IFLUIDS - Grup de Recerca Barcelona Fluids & Energy Lab,6
"(2015, 2018]",IFLUIDS - Grup de Recerca Barcelona Fluids & Energy Lab,5
"(2009, 2012]",PROTO - Projectes: Tecnica i Organitzacio,5
"(2009, 2012]","QINE - Disseny de Baix Consum, Test, Verificacio i Circuits Integrats de Seguretat",5
"(2018, 2021]","GIOPACT - Grup de Recerca d'Igualtat d'Oportunitats per a l'Arquitectura, la Ciencia i la Tecnologia",5
"(2012, 2015]",DILAB - Laboratori de fisica dels materials dielectrics,5
"(2009, 2012]",LESEC - Laboratori d'Estudis Socials de l'Enginyeria Civil,5
"(2009, 2012]",MICROTECH LAB - Microtechnology for the Industry,5
"(2009, 2012]",CDIF - Centre de Diagnostic Industrial i Fluidodinamica,5
"(2018, 2021]",GREA - Grup de Recerca d'Enginyeria Agro-Ambiental,5
"(2018, 2021]","MACROM - Cristal?lografia, Estructura i Funcio de Macromolecules Biologiques",5
"(2009, 2012]",ANCORA - Analisi i control del ritme cardiac,5
"(2012, 2015]",GIRAS - Grup Internacional de Recerca en Arquitectura i Societat,5
"(2012, 2015]",ARCO - Microarquitectura i Compiladors,4
"(2015, 2018]",LOGPROG - Logica i Programacio,4
"(2012, 2015]",GREiP - Grup de Recerca d'Edificacio i Patrimoni,4
"(2015, 2018]",GREiP - Grup de Recerca d'Edificacio i Patrimoni,4
"(2009, 2012]",LiTA - Laboratori d'Innovacio i Tecnologia en l'Arquitectura,4
"(2012, 2015]",LESEC - Laboratori d'Estudis Socials de l'Enginyeria Civil,4
"(2012, 2015]",DAMA-UPC - Data Management Group,4
"(2015, 2018]",SPAq - Sistemes de Produccio Aquicola,4
"(2012, 2015]",ANCORA - Analisi i control del ritme cardiac,4
"(2015, 2018]",DILAB - Laboratori de fisica dels materials dielectrics,3
"(2012, 2015]",EXPLORATORI - EXPLORATORI dels Recursos de la Natura,3
"(2015, 2018]",DISEN - Distributed Sensor Networks,3
"(2015, 2018]",GIRAS - Grup Internacional de Recerca en Arquitectura i Societat,3
"(2009, 2012]","EXIT - Enginyeria, Xarxes, Infraestructures, Territori",3
"(2018, 2021]",DILAB - Laboratori de fisica dels materials dielectrics,3
"(2015, 2018]",GSS - Grup Sistemes Sensors,3
"(2015, 2018]",CDAL - Centre de Disseny d'Aliatges Lleugers i Tractaments de Superficie,3
"(2012, 2015]",SPAq - Sistemes de Produccio Aquicola,3
"(2018, 2021]",GRXCA - Grup de Recerca en Xarxes de Comunicacions Cel?lulars i Ad-hoc,3
"(2018, 2021]",LOGPROG - Logica i Programacio,3
"(2012, 2015]",CERCLE - Cercle d'Arquitectura,3
"(2018, 2021]",GREENTECH - Grup de Recerca en Tecnologies Renovables,3
"(2018, 2021]",MAK - Matematica Aplicada a la Criptografia,3
"(2018, 2021]",GREP - Grup de Recerca en Electronica de Potencia,3
"(2012, 2015]",GREENTECH - Grup de Recerca en Tecnologies Renovables,3
"(2018, 2021]",CDAL - Centre de Disseny d'Aliatges Lleugers i Tractaments de Superficie,3
"(2009, 2012]",SPAq - Sistemes de Produccio Aquicola,3
"(2018, 2021]",DAMA-UPC - Data Management Group,2
"(2015, 2018]",PROTO - Projectes: Tecnica i Organitzacio,2
"(2018, 2021]",DISEN - Distributed Sensor Networks,2
"(2009, 2012]",EXPLORATORI - EXPLORATORI dels Recursos de la Natura,2
"(2018, 2021]",RSP - Grup de Recerca en Salut Publica,2
"(2015, 2018]",GREENTECH - Grup de Recerca en Tecnologies Renovables,2
"(2018, 2021]",SPAq - Sistemes de Produccio Aquicola,2
"(2009, 2012]",GREENTECH - Grup de Recerca en Tecnologies Renovables,2
"(2018, 2021]",GIRAS - Grup Internacional de Recerca en Arquitectura i Societat,2
"(2009, 2012]",IFLUIDS - Grup de Recerca Barcelona Fluids & Energy Lab,2
"(2018, 2021]",PROTO - Projectes: Tecnica i Organitzacio,2
"(2009, 2012]",GRABI - Grup de Recerca Aplicada en Biomecanica de l'Impacte,1
"(2015, 2018]",CERCLE - Cercle d'Arquitectura,1
"(2015, 2018]",DAMA-UPC - Data Management Group,1
"(2018, 2021]",IonSAT - Grup de determinacio Ionosferica i navegacio per SAtel?lit i sistemes Terrestres,1
"(2015, 2018]",LESEC - Laboratori d'Estudis Socials de l'Enginyeria Civil,1
"(2018, 2021]",EXPLORATORI - EXPLORATORI dels Recursos de la Natura,1
"(2015, 2018]",EXPLORATORI - EXPLORATORI dels Recursos de la Natura,1
"(2018, 2021]",GSS - Grup Sistemes Sensors,1
"(2018, 2021]",CERCLE - Cercle d'Arquitectura,1
"(2009, 2012]",GREiP - Grup de Recerca d'Edificacio i Patrimoni,0
"(2015, 2018]",IonSAT - Grup de determinacio Ionosferica i navegacio per SAtel?lit i sistemes Terrestres,0
"(2012, 2015]",IonSAT - Grup de determinacio Ionosferica i navegacio per SAtel?lit i sistemes Terrestres,0
"(2009, 2012]",IonSAT - Grup de determinacio Ionosferica i navegacio per SAtel?lit i sistemes Terrestres,0
"(2018, 2021]",GRPFM - Grup de Recerca en Propietats Fisiques dels Materials,0
